{"ENTITY_ID":6,"tables":[{"id":"e299460c-68d8-47e2-a159-004a6e622aee","position":{"x":369,"y":99},"data":{"table_name":"messages","fields":[{"fieldName":"msgid","fieldType":3,"isPK":true,"isNotNull":false,"isUnique":false,"defaultValue":"","args":[1,1],"isAutoIncrement":true},{"fieldName":"message","fieldType":10,"isPK":false,"isNotNull":true,"isUnique":false,"defaultValue":"","args":["512"],"isAutoIncrement":false},{"fieldName":"bolread","fieldType":0,"isPK":false,"isNotNull":true,"isUnique":false,"defaultValue":"","args":[1,1],"isAutoIncrement":false},{"fieldName":"data","fieldType":7,"isPK":false,"isNotNull":true,"isUnique":false,"defaultValue":"","args":"","isAutoIncrement":false},{"fieldName":"senderid","fieldType":3,"isPK":false,"isNotNull":true,"isUnique":false,"defaultValue":"","args":"","isAutoIncrement":false}],"next_id":5,"checkName":[""],"checkCondition":[""]}},{"id":"7fdf1c7f-7510-443e-8c2c-5cd0a1b206bb","position":{"x":375,"y":335},"data":{"table_name":"users","fields":[{"fieldName":"userid","fieldType":3,"isPK":true,"isNotNull":false,"isUnique":false,"defaultValue":"","args":[1,1],"isAutoIncrement":true},{"fieldName":"nome","fieldType":10,"isPK":false,"isNotNull":true,"isUnique":false,"defaultValue":"","args":["512"],"isAutoIncrement":false},{"fieldName":"email","fieldType":10,"isPK":false,"isNotNull":true,"isUnique":false,"defaultValue":"","args":["512"],"isAutoIncrement":false},{"fieldName":"password","fieldType":10,"isPK":false,"isNotNull":true,"isUnique":false,"defaultValue":"","args":["512"],"isAutoIncrement":false},{"fieldName":"balance","fieldType":4,"isPK":false,"isNotNull":true,"isUnique":false,"defaultValue":"","args":["8"],"isAutoIncrement":false}],"next_id":5,"checkName":[],"checkCondition":[]}},{"id":"b1273061-6d47-4a6f-9725-5d82f5a2ef20","position":{"x":796,"y":598},"data":{"table_name":"rents","fields":[{"fieldName":"orderid","fieldType":3,"isPK":true,"isNotNull":false,"isUnique":false,"defaultValue":"","args":[1,1],"isAutoIncrement":true},{"fieldName":"purchased_date","fieldType":7,"isPK":false,"isNotNull":true,"isUnique":false,"defaultValue":"","args":"","isAutoIncrement":false},{"fieldName":"end_date","fieldType":7,"isPK":false,"isNotNull":true,"isUnique":false,"defaultValue":"","args":"","isAutoIncrement":false},{"fieldName":"articles_itemid","fieldType":3,"isPK":false,"isNotNull":true,"isUnique":false,"defaultValue":"","args":"","isAutoIncrement":false},{"fieldName":"users_userid","fieldType":3,"isPK":false,"isNotNull":true,"isUnique":false,"defaultValue":"","args":"","isAutoIncrement":false}],"next_id":5,"checkName":[],"checkCondition":[]}},{"id":"45e81cb6-ea2d-4665-b6c9-dd9ebf9fc9dc","position":{"x":438,"y":871},"data":{"table_name":"articles","fields":[{"fieldName":"itemid","fieldType":3,"isPK":true,"isNotNull":false,"isUnique":false,"defaultValue":"","args":[1,1],"isAutoIncrement":true},{"fieldName":"name","fieldType":10,"isPK":false,"isNotNull":true,"isUnique":false,"defaultValue":"","args":["512"],"isAutoIncrement":false},{"fieldName":"director","fieldType":10,"isPK":false,"isNotNull":true,"isUnique":false,"defaultValue":"","args":["512"],"isAutoIncrement":false},{"fieldName":"release_year","fieldType":2,"isPK":false,"isNotNull":true,"isUnique":false,"defaultValue":"","args":"","isAutoIncrement":false},{"fieldName":"imdb_rating","fieldType":4,"isPK":false,"isNotNull":true,"isUnique":false,"defaultValue":"","args":["8"],"isAutoIncrement":false},{"fieldName":"genre","fieldType":10,"isPK":false,"isNotNull":true,"isUnique":false,"defaultValue":"","args":["512"],"isAutoIncrement":false},{"fieldName":"price","fieldType":4,"isPK":false,"isNotNull":true,"isUnique":false,"defaultValue":"","args":["8"],"isAutoIncrement":false},{"fieldName":"type","fieldType":10,"isPK":false,"isNotNull":true,"isUnique":false,"defaultValue":"","args":["512"],"isAutoIncrement":false},{"fieldName":"time_available","fieldType":2,"isPK":false,"isNotNull":true,"isUnique":false,"defaultValue":"","args":"","isAutoIncrement":false}],"next_id":9,"checkName":[],"checkCondition":[]}},{"id":"2c76e3db-d2a5-4dfd-b5a2-3fe01f7e5192","position":{"x":78,"y":587},"data":{"table_name":"pricehistory","fields":[{"fieldName":"old_price","fieldType":4,"isPK":false,"isNotNull":false,"isUnique":false,"defaultValue":"","args":["8"],"isAutoIncrement":false},{"fieldName":"change_date","fieldType":7,"isPK":false,"isNotNull":true,"isUnique":false,"defaultValue":"","args":"","isAutoIncrement":false},{"fieldName":"articles_itemid","fieldType":3,"isPK":false,"isNotNull":true,"isUnique":false,"defaultValue":"","args":"","isAutoIncrement":false}],"next_id":3,"checkName":[],"checkCondition":[]}},{"id":"923a83b6-df55-45ef-870b-46e9c4242948","position":{"x":-7,"y":803},"data":{"table_name":"actors","fields":[{"fieldName":"actorid","fieldType":3,"isPK":true,"isNotNull":false,"isUnique":false,"defaultValue":"","args":[1,1],"isAutoIncrement":true},{"fieldName":"name","fieldType":10,"isPK":false,"isNotNull":true,"isUnique":false,"defaultValue":"","args":["512"],"isAutoIncrement":false}],"next_id":2,"checkName":[],"checkCondition":[]}}],"links":[{"source":"e299460c-68d8-47e2-a159-004a6e622aee","target":"7fdf1c7f-7510-443e-8c2c-5cd0a1b206bb","order":"normal","sourceCard":"0:n","targetCard":"1:1","label":"comunicate","hierType":null,"sourceisweak":false,"targetisweak":false},{"source":"7fdf1c7f-7510-443e-8c2c-5cd0a1b206bb","target":"b1273061-6d47-4a6f-9725-5d82f5a2ef20","order":"normal","sourceCard":"1:1","targetCard":"0:n","label":"buy","hierType":null,"sourceisweak":false,"targetisweak":false},{"source":"b1273061-6d47-4a6f-9725-5d82f5a2ef20","target":"45e81cb6-ea2d-4665-b6c9-dd9ebf9fc9dc","order":"normal","sourceCard":"1:n","targetCard":"1:1","label":"has","hierType":null,"sourceisweak":false,"targetisweak":false},{"source":"2c76e3db-d2a5-4dfd-b5a2-3fe01f7e5192","target":"45e81cb6-ea2d-4665-b6c9-dd9ebf9fc9dc","order":"normal","sourceCard":"0:n","targetCard":"1:1","label":"has","hierType":null,"sourceisweak":false,"targetisweak":false},{"source":"45e81cb6-ea2d-4665-b6c9-dd9ebf9fc9dc","target":"923a83b6-df55-45ef-870b-46e9c4242948","order":"normal","sourceCard":"1:n","targetCard":"1:n","label":"has","hierType":null,"sourceisweak":false,"targetisweak":false}],"normalization":1,"database":0}